lr,tau
0.669006753562377,1.66292601575934
0.706147337092594,1.42300194806341
0.306248327235728,1.50176015309176
0.546719517326392,1.29516961641315
0.723875932274676,1.21126367808051
0.594300799054608,1.57654898928192
0.486141425863704,1.55450365216364
0.671727886403094,1.43305724977951
0.650100220406433,1.97983708408395
0.550206532017878,1.56485765654669
